Qty,Value,Footprint,Part / notes,References
3,1000u/100V,CP_Radial_D18.0mm_P7.50mm,"Aishi ERS1KM102M35OT (LCSC C724666), 18x35 mm, 7.5 mm pitch, 105 C 10000 h",C11 C12 C13
12,100n,C_0603_1608Metric,,C27 C34 C35 C36 C37 C38 C41 C42 C46 C47 C48 C49
1,100n/100V,C_0805_2012Metric,X7R 0805 100V,C21
3,10n,C_0603_1608Metric,,C1 C3 C20
9,1n,C_0603_1608Metric,,C28 C29 C30 C31 C32 C33 C43 C44 C45
4,1u,C_0603_1608Metric,,C4 C9 C26 C40
1,1u/100V,C_0805_2012Metric,,C2
2,1u/16V,C_0603_1608Metric,,C24 C25
7,2.2u/100V,C_1210_3225Metric,X7R 1210 100V (e.g. GRM32ER72A225KA35),C14 C15 C16 C17 C18 C19 C22
1,22u/10V,C_1210_3225Metric,X5R/X7R 1210 10V,C7
1,330p,C_0603_1608Metric,,C6
3,4.7u,C_0805_2012Metric,,C8 C10 C39
1,47n,C_0603_1608Metric,,C5
1,47n/100V,C_0805_2012Metric,,C23
1,1N4148W,D_SOD-123,100V signal diode SOD-123,D2
1,BAT46W,D_SOD-123,100V Schottky SOD-123,D3
2,ESDA6V1-5SC6,SOT-23-6,ST ESDA6V1-5SC6 (LCSC C6650),D8 D9
2,GREEN,LED_0603_1608Metric,,D5 D6
1,RED,LED_0603_1608Metric,,D7
1,SMCJ60CA,D_SMC,"TVS 60V standoff, 1500W, SMC (Littelfuse, LCSC C151290)",D1
1,SS110,D_SMA,"100 V 1 A Schottky, SMA (e.g. MDD SS110)",D4
1,600R@100MHz,L_0603_1608Metric,,FB1
4,M3,MountingHole_3.2mm_M3,,H1 H2 H3 H4
1,BAT+,SolderWire_12AWG_D2.8mm_OD5.4mm,"12 AWG wire, soldered",J1
1,BAT-,SolderWire_12AWG_D2.8mm_OD5.4mm,"12 AWG wire, soldered",J2
1,BRAKE,JST_GH_BM02B-GHS-TBT_1x02-1MP_P1.25mm_Vertical,"JST BM02B-GHS-TBT (1.25 mm, latching)",J10
1,FWD/REV,JST_GH_BM02B-GHS-TBT_1x02-1MP_P1.25mm_Vertical,"JST BM02B-GHS-TBT (1.25 mm, latching)",J9
1,HALL,JST_GH_BM06B-GHS-TBT_1x06-1MP_P1.25mm_Vertical,"JST BM06B-GHS-TBT (1.25 mm, latching)",J7
1,MOTOR_A,SolderWire_12AWG_D2.8mm_OD5.4mm,"12 AWG wire, soldered",J3
1,MOTOR_B,SolderWire_12AWG_D2.8mm_OD5.4mm,"12 AWG wire, soldered",J4
1,MOTOR_C,SolderWire_12AWG_D2.8mm_OD5.4mm,"12 AWG wire, soldered",J5
1,POWER_BTN,JST_GH_BM02B-GHS-TBT_1x02-1MP_P1.25mm_Vertical,"JST BM02B-GHS-TBT (1.25 mm, latching)",J11
1,SWD,JST_GH_BM05B-GHS-TBT_1x05-1MP_P1.25mm_Vertical,"JST BM05B-GHS-TBT (1.25 mm, latching)",J6
1,THROTTLE,JST_GH_BM03B-GHS-TBT_1x03-1MP_P1.25mm_Vertical,"JST BM03B-GHS-TBT (1.25 mm, latching)",J8
1,UART,JST_GH_BM04B-GHS-TBT_1x04-1MP_P1.25mm_Vertical,"JST BM04B-GHS-TBT (1.25 mm, latching)",J12
1,100u,L_Bourns_SRN6045TA,"Bourns SRN6045TA-101M or eq. (100 uH, Isat >= 0.5 A, 6x6 mm)",L1
6,IPT015N10N5,Infineon_PG-HSOF-8-1,Infineon IPT015N10N5ATMA1 (LCSC C108964),Q3 Q4 Q5 Q6 Q7 Q8
1,MMBTA42,SOT-23,,Q2
1,MMBTA92,SOT-23,,Q1
3,0.5m,R_Shunt_Isabellenhuette_BVR4026,"Bourns CSS4J-4026R-L500F (LCSC C2076423), 0.5 mOhm 1% 5 W",R19 R21 R23
5,100R,R_0603_1608Metric,,R20 R22 R24 R43 R44
6,100k,R_0603_1608Metric,,R1 R4 R6 R8 R13 R18
10,10k,R_0603_1608Metric,,R3 R5 R15 R17 R25 R26 R35 R39 R41 R45
1,12k,R_0603_1608Metric,,R37
1,150k,R_0603_1608Metric,,R7
8,1k,R_0603_1608Metric,,R27 R28 R30 R32 R34 R36 R40 R42
4,2.2k,R_0603_1608Metric,,R12 R29 R31 R33
1,22k,R_0603_1608Metric,,R38
2,4.02k,R_0603_1608Metric,,R9 R10
1,4.7k,R_0603_1608Metric,,R16
1,47k,R_0603_1608Metric,,R2
1,5.6k,R_0603_1608Metric,,R14
1,8.2k,R_0603_1608Metric,,R11
1,10k B3435,R_0603_1608Metric,Murata NCP18XH103F03RB (LCSC C13564),TH1
1,AP2112K-3.3,SOT-23-5,Diodes AP2112K-3.3TRG1 (LCSC C51118),U1
1,DRV8353RS,TI-RGZ-48-QFN,TI DRV8353RSRGZR (LCSC C506246),U2
1,STM32G431CBT6,LQFP-48_7x7mm_P0.5mm,ST STM32G431CBT6 (LCSC C529355),U3
